{"val_loss": [1.4510511755943298, 0.8814659118652344, 0.6017377376556396, 0.5407549291849136, 0.3969081789255142, 0.352775514125824, 0.2721182554960251, 0.27470728009939194, 0.2192215919494629, 0.2677695006132126, 0.21937493979930878, 0.18321944028139114, 0.17340121790766716, 0.15126696601510048, 0.15873998403549194, 0.1361883357167244, 0.19800864905118942, 0.11678449437022209, 0.12234874069690704, 0.14755168557167053, 0.13982315361499786, 0.11332285031676292, 0.12618186324834824, 0.12201112136244774, 0.14266983047127724], "val_acc": [0.5765999853610992, 0.7249000072479248, 0.8215000033378601, 0.8252999782562256, 0.8825999796390533, 0.8926999866962433, 0.9212000072002411, 0.9174999892711639, 0.9334000051021576, 0.9184000194072723, 0.9340000152587891, 0.9440000057220459, 0.9462999999523163, 0.9530999958515167, 0.9510000050067902, 0.9576999843120575, 0.9388000071048737, 0.963699996471405, 0.961899995803833, 0.9550999999046326, 0.9553999900817871, 0.9663000106811523, 0.9603999853134155, 0.964599996805191, 0.9539999961853027], "loss": [1.9543796479701996, 1.1641418933868408, 0.8473925789197286, 0.6526399552822113, 0.5623140037059784, 0.47187626113494235, 0.3819166496396065, 0.37662481019894284, 0.346798162907362, 0.31699981540441513, 0.2854911908507347, 0.26785647744933766, 0.22333608816067377, 0.23504998286565146, 0.22735959539810816, 0.19768696402510008, 0.17979681491851807, 0.19574168821175894, 0.1680323655406634, 0.16268884390592575, 0.1436002409706513, 0.16147755334774652, 0.13537780133386454, 0.1514259520918131, 0.1182938019434611], "acc": [0.3462666627019644, 0.6432499984900156, 0.7261833349863688, 0.7963500022888184, 0.8279666701952616, 0.8543000022570292, 0.8830166657765707, 0.885616660118103, 0.8910666654507319, 0.9020000000794729, 0.9095000078280767, 0.9169999957084656, 0.9320666690667471, 0.9270666738351186, 0.9295666714509329, 0.9403333365917206, 0.9448499977588654, 0.9389666716257731, 0.9481833279132843, 0.9497166673342387, 0.9555000066757202, 0.9492833365996679, 0.9581166654825211, 0.9527333329121271, 0.9630166639884313]}