{"val_loss": [3.7610260486602782, 2.7997272968292237, 1.956250605583191, 1.6234309244155884, 1.2966630268096924, 1.224368727207184, 0.8489513576030732, 0.6741039717197418, 0.7294886171817779, 0.5622263026237487, 0.580708063840866, 0.5144690185785293, 0.4013637042045593, 0.37807107508182525, 0.44891241908073426, 0.2865399593114853, 0.3098047015070915, 0.5120663714408874, 0.29520505249500273, 0.34699571758508685, 0.2812847892194986, 0.238404478430748, 0.3741283822059631, 0.4447370383143425, 0.24627273336052893, 0.1354737567532923, 0.22246577963232994, 0.21181853219866753, 0.22192585423588754, 0.35433225959539416, 0.16594911113381386, 0.2831123547255993, 0.1943327122181654, 0.25072176933288576, 0.1074011541157961, 0.22607438132166863, 0.20054881229996682, 0.15473679557442666, 0.26904277332127097, 0.2183642354607582, 0.17404207736253738, 0.0920611996948719, 0.06182461506687105, 0.10032458495348692, 0.16547513969242572, 0.23387112960219383, 0.1887276639044285, 0.09326330229640006, 0.11056435603648423, 0.1506428064033389, 0.12008276138545888, 0.11366393648087979, 0.08841224535368383, 0.14793457876890898, 0.11047067970037461, 0.03815943975001573, 0.19631562820170076, 0.1332664753124118, 0.1472647988051176, 0.10259247332811355, 0.08010318090149667, 0.15465593012049794, 0.16374477244913577, 0.06624249366577714, 0.14327613577246667, 0.07697810587007553, 0.050574749726802114, 0.08528559448197484, 0.0705019059870392, 0.2627923631668091, 0.12954434972256423, 0.07960593215189875, 0.1217238056100905, 0.16438082054257394, 0.22005123741924762, 0.08882891029640361, 0.08706646437291056, 0.1301962164696306, 0.10056853824673453, 0.1113750419439748, 0.2138219329714775, 0.10901287362794392, 0.19947590122930706, 0.0830450412351638, 0.048067261427640916, 0.14162724516820163, 0.07261360274627805, 0.1792821775842458, 0.17572346782311798, 0.0958109125494957, 0.09118761263322085, 0.262674544788897, 0.19620795160531998, 0.07270661959671998, 0.10707048522890546, 0.09987140736309812, 0.08100794950616547, 0.1951774344407022, 0.14365284025669098, 0.09282419083174318], "val_acc": [0.13875, 0.28125, 0.42375, 0.535, 0.59875, 0.6275, 0.7375, 0.79125, 0.7825, 0.8475, 0.8125, 0.8325, 0.84875, 0.885, 0.8775, 0.9025, 0.9025, 0.84375, 0.91875, 0.8875, 0.90125, 0.9175, 0.87375, 0.8825, 0.91625, 0.9600515463917526, 0.92375, 0.93875, 0.92625, 0.905, 0.955, 0.905, 0.9375, 0.9, 0.96, 0.94, 0.935, 0.95125, 0.92625, 0.925, 0.945, 0.97375, 0.97875, 0.9675, 0.955, 0.92875, 0.93875, 0.9675, 0.96375, 0.945, 0.961340206185567, 0.95875, 0.965, 0.9525, 0.96875, 0.985, 0.96375, 0.9575, 0.9625, 0.9725, 0.96875, 0.95875, 0.95, 0.975, 0.94, 0.9775, 0.985, 0.97, 0.97375, 0.925, 0.96625, 0.975, 0.9625, 0.95125, 0.9425, 0.9664948453608248, 0.9725, 0.9725, 0.96125, 0.9725, 0.93375, 0.96875, 0.94875, 0.97125, 0.97875, 0.96375, 0.97125, 0.955, 0.95, 0.97375, 0.9825, 0.93875, 0.95, 0.9775, 0.96125, 0.96375, 0.9775, 0.9675, 0.9575, 0.97125], "loss": [4.480660872459412, 3.4183603143692016, 2.7503453063964844, 2.1857802438735963, 1.758314275741577, 1.6066382348537445, 1.220842161178589, 1.135850534439087, 1.0195006227493286, 0.8642135119438171, 0.7874887579679489, 0.727010442018509, 0.6298395866155624, 0.6327209481596947, 0.573913731276989, 0.5518100050091743, 0.515863578915596, 0.5019795615971089, 0.4529763141274452, 0.4402546343207359, 0.3752846482396126, 0.4020303139835596, 0.3468823680281639, 0.38593210764229297, 0.3594779609143734, 0.3477488392591476, 0.33466459192335607, 0.30677990294992924, 0.2971879598498344, 0.28525087028741836, 0.29253072559833526, 0.2446692130342126, 0.29007005505263805, 0.29423787295818327, 0.2714882614463568, 0.2527028888463974, 0.29748052075505255, 0.22390616744756697, 0.23471609484404327, 0.24761045951396227, 0.2324833062849939, 0.1994875380769372, 0.1966370694898069, 0.2171753777936101, 0.20921431381255387, 0.23172307431697844, 0.2076835815049708, 0.2227508280146867, 0.2056417836342007, 0.17064645310863852, 0.1690241491422057, 0.19882964730262756, 0.1808346914872527, 0.14802944644354285, 0.16622514406219124, 0.18026126397773623, 0.14227802659384906, 0.2186499155126512, 0.175311023555696, 0.17285888596903531, 0.1613568754377775, 0.17427808101288975, 0.1500382348522544, 0.14109731956385077, 0.18936393128708004, 0.14552449136972428, 0.16667008521035315, 0.17079034637659787, 0.12137773529626429, 0.12674049137625842, 0.19192302908748388, 0.18979689251631499, 0.13679833228699864, 0.15673586933058686, 0.17165048993192614, 0.13167182873236016, 0.14988907446619124, 0.1530501926736906, 0.18657518460066058, 0.1139233419764787, 0.1495077821239829, 0.17079211887903512, 0.11142122068442405, 0.1232400314998813, 0.17152554841013626, 0.11408254851587117, 0.12893417382496408, 0.12580455955583603, 0.14076943791471422, 0.12793794986093418, 0.09886097089853138, 0.14384715753607452, 0.1661527915147599, 0.09947923646308482, 0.12061073762131855, 0.12544807170983405, 0.12140529069351032, 0.111867019594647, 0.13639036745764316, 0.12373296719742939], "acc": [0.046875, 0.17, 0.25375, 0.373125, 0.494375, 0.529375, 0.61625, 0.643125, 0.68, 0.73, 0.741875, 0.774375, 0.806875, 0.799375, 0.813125, 0.82, 0.835625, 0.84875, 0.84125, 0.85875, 0.883125, 0.8725, 0.895, 0.88, 0.884375, 0.89125, 0.9025, 0.91, 0.90125, 0.913125, 0.903125, 0.925625, 0.903125, 0.911875, 0.91625, 0.921875, 0.90875, 0.93625, 0.91875, 0.9275, 0.935, 0.935625, 0.94, 0.931875, 0.93625, 0.9325, 0.93125, 0.935, 0.936875, 0.950625, 0.945625, 0.940625, 0.94625, 0.95625, 0.94375, 0.95, 0.953125, 0.9375, 0.945625, 0.945, 0.949375, 0.95375, 0.955625, 0.95875, 0.93625, 0.961875, 0.9525, 0.95, 0.961875, 0.961875, 0.945625, 0.946875, 0.956875, 0.956875, 0.95625, 0.9625, 0.96125, 0.95375, 0.949375, 0.965, 0.958125, 0.948125, 0.965, 0.96, 0.948125, 0.96375, 0.9575, 0.960625, 0.9575, 0.960625, 0.973125, 0.9625, 0.96625, 0.966875, 0.966875, 0.96125, 0.96625, 0.96625, 0.966875, 0.963125]}