{"val_loss": [6.0277924060821535, 5.8921897411346436, 5.680806398391724, 5.255351591110229, 5.431962680816651], "val_acc": [0.5801999926567077, 0.5888999998569489, 0.6102999925613404, 0.6386999964714051, 0.6253000020980835], "loss": [7.519318222999573, 5.6641398668289185, 5.194428503513336, 4.94150344133377, 4.73129266500473], "acc": [0.48659999929368497, 0.6054999962449074, 0.6365999981760979, 0.6554500013589859, 0.6703999951481819]}